taxon,Comparison,LFC,Adj P Value,Significance,Standard_error
"K03327: multidrug resistance protein, MATE family",UC vs CD,-3.129688815,3.47E-19,TRUE,0.343523233
K02843: heptosyltransferase II ,UC vs CD,-2.857808945,5.43E-15,TRUE,0.357389879
"K07636: two-component system, OmpR family, phosphate regulon sensor histidine kinase PhoR ",UC vs CD,-2.392589216,2.74E-13,TRUE,0.319074023
K01993: HlyD family secretion protein,UC vs CD,-2.45092306,4.16E-13,TRUE,0.329277898
K06861: lipopolysaccharide export system ATP-binding protein ,UC vs CD,-2.47877577,5.87E-13,TRUE,0.335071327
"K14274: xylono-1,5-lactonase ",UC vs CD,2.504532917,1.93E-12,TRUE,0.346010864
K09022: 2-iminobutanoate/2-iminopropanoate deaminase ,UC vs CD,-2.392466847,2.00E-12,TRUE,0.330762683
K03559: biopolymer transport protein ExbD,UC vs CD,-2.621622504,3.03E-12,TRUE,0.365294403
K03778: D-lactate dehydrogenase ,UC vs CD,-2.403115685,3.39E-12,TRUE,0.335573058
K02474: UDP-N-acetyl-D-galactosamine dehydrogenase ,UC vs CD,-2.315800337,6.88E-12,TRUE,0.327851671
K00634: phosphate butyryltransferase ,UC vs CD,-2.351474047,2.69E-11,TRUE,0.34219732
K01372: bleomycin hydrolase ,UC vs CD,-2.266575411,4.14E-11,TRUE,0.332842305
K02067: phospholipid/cholesterol/gamma-HCH transport system substrate-binding protein,UC vs CD,-2.386439354,6.63E-11,TRUE,0.356041442
K04096: DNA processing protein,UC vs CD,-2.167747101,9.86E-11,TRUE,0.32432096
K07027: glycosyltransferase 2 family protein,UC vs CD,-2.204006749,1.10E-10,TRUE,0.330514643
K14742: tRNA threonylcarbamoyladenosine biosynthesis protein TsaB,UC vs CD,-2.275556327,1.31E-10,TRUE,0.342581325
"K04564: superoxide dismutase, Fe-Mn family ",UC vs CD,-2.302873279,1.33E-10,TRUE,0.346791287
K02217: ferritin ,UC vs CD,-2.32497376,1.52E-10,TRUE,0.351191232
K03570: rod shape-determining protein MreC,UC vs CD,-2.104152584,3.19E-10,TRUE,0.323237887
K16089: outer membrane receptor for ferrienterochelin and colicins,UC vs CD,-2.322797239,4.69E-10,TRUE,0.360024528
"K00179: indolepyruvate ferredoxin oxidoreductase, alpha subunit ",UC vs CD,2.136822702,9.50E-10,TRUE,0.336830629
K03536: ribonuclease P protein component ,UC vs CD,-2.079305706,1.01E-09,TRUE,0.330403676
K01270: dipeptidase D ,UC vs CD,-2.063551649,1.09E-09,TRUE,0.328512647
K08641: zinc D-Ala-D-Ala dipeptidase ,UC vs CD,-2.22750238,1.14E-09,TRUE,0.352727769
K00259: alanine dehydrogenase ,UC vs CD,2.308612238,1.20E-09,TRUE,0.365967715
K05837: rod shape determining protein RodA,UC vs CD,-2.156300668,1.65E-09,TRUE,0.344532964
K01999: branched-chain amino acid transport system substrate-binding protein,UC vs CD,-2.128879235,2.12E-09,TRUE,0.342310458
K03798: cell division protease FtsH ,UC vs CD,-1.915217212,2.72E-09,TRUE,0.31206787
K06041: arabinose-5-phosphate isomerase ,UC vs CD,-2.077808129,4.87E-09,TRUE,0.341342275
K01262: Xaa-Pro aminopeptidase ,UC vs CD,-1.908988488,6.20E-09,TRUE,0.317902662
K08301: ribonuclease G ,UC vs CD,-1.987525851,6.56E-09,TRUE,0.32909158
K01489: cytidine deaminase ,UC vs CD,-1.972775522,7.32E-09,TRUE,0.330009994
K03612: Na+-translocating ferredoxin:NAD+ oxidoreductase subunit G,UC vs CD,-1.983780612,7.92E-09,TRUE,0.330146347
K00111: glycerol-3-phosphate dehydrogenase ,UC vs CD,-2.02045281,8.95E-09,TRUE,0.337358782
K02653: type IV pilus assembly protein PilC,UC vs CD,-2.113726009,9.45E-09,TRUE,0.353453903
K01627: 2-dehydro-3-deoxyphosphooctonate aldolase (KDO 8-P synthase) ,UC vs CD,-2.057756608,1.15E-08,TRUE,0.348546589
K06966: pyrimidine/purine-5'-nucleotide nucleosidase ,UC vs CD,-2.079479527,1.20E-08,TRUE,0.350020383
K00940: nucleoside-diphosphate kinase ,UC vs CD,2.004932332,1.42E-08,TRUE,0.339023454
K07114: Ca-activated chloride channel homolog,UC vs CD,1.898114863,1.46E-08,TRUE,0.321234004
"K06158: ATP-binding cassette, subfamily F, member 3",UC vs CD,-1.879885763,1.74E-08,TRUE,0.322158334
K01465: dihydroorotase ,UC vs CD,-1.964749685,1.87E-08,TRUE,0.337387776
K01256: aminopeptidase N ,UC vs CD,-1.890949911,2.69E-08,TRUE,0.325608048
K01775: alanine racemase ,UC vs CD,-1.892918503,3.03E-08,TRUE,0.327073163
"K06911: quercetin 2,3-dioxygenase ",UC vs CD,-2.057852306,3.47E-08,TRUE,0.356972343
K02836: peptide chain release factor 2,UC vs CD,-1.867986886,3.53E-08,TRUE,0.326797912
K12942: aminobenzoyl-glutamate transport protein,UC vs CD,-2.158563685,3.77E-08,TRUE,0.378376209
K04651: hydrogenase nickel incorporation protein HypA/HybF,UC vs CD,1.915871738,3.93E-08,TRUE,0.333563721
K06975: uncharacterized protein,UC vs CD,-2.088369972,3.95E-08,TRUE,0.363668804
K12940: aminobenzoyl-glutamate utilization protein A,UC vs CD,-1.907008969,3.99E-08,TRUE,0.334840413
K07098: uncharacterized protein,UC vs CD,-1.940168234,4.12E-08,TRUE,0.340981357
K01847: methylmalonyl-CoA mutase ,UC vs CD,-2.019706906,4.66E-08,TRUE,0.356281764
K00652: 8-amino-7-oxononanoate synthase ,UC vs CD,-1.921878511,4.70E-08,TRUE,0.336388932
K03589: cell division protein FtsQ,UC vs CD,-1.824363481,5.15E-08,TRUE,0.320193386
K04517: prephenate dehydrogenase ,UC vs CD,-1.964858889,6.30E-08,TRUE,0.349817458
K03613: Na+-translocating ferredoxin:NAD+ oxidoreductase subunit E,UC vs CD,-1.856157831,6.46E-08,TRUE,0.330718867
K03703: excinuclease ABC subunit C,UC vs CD,-1.575131588,6.62E-08,TRUE,0.280854765
K22044: moderate conductance mechanosensitive channel,UC vs CD,-1.862004033,6.74E-08,TRUE,0.32946469
K02065: phospholipid/cholesterol/gamma-HCH transport system ATP-binding protein,UC vs CD,-2.065675535,6.90E-08,TRUE,0.368806223
K11717: cysteine desulfurase / selenocysteine lyase ,UC vs CD,-1.912169228,7.44E-08,TRUE,0.342192326
K02395: flagellar protein FlgJ,UC vs CD,1.861304009,8.57E-08,TRUE,0.334558986
K19334: biofilm protein TabA,UC vs CD,-2.010778773,9.76E-08,TRUE,0.362905523
K01486: adenine deaminase ,UC vs CD,1.738333803,1.01E-07,TRUE,0.311415339
K00928: aspartate kinase ,UC vs CD,-1.906964801,1.02E-07,TRUE,0.341786273
K17992: NADP-reducing hydrogenase subunit HndB ,UC vs CD,1.856587636,1.77E-07,TRUE,0.33860102
K00426: cytochrome bd ubiquinol oxidase subunit II ,UC vs CD,-1.891811298,2.21E-07,TRUE,0.347502042
K03168: DNA topoisomerase I ,UC vs CD,-1.703178729,2.22E-07,TRUE,0.312894736
K03386: peroxiredoxin (alkyl hydroperoxide reductase subunit C) ,UC vs CD,-1.805078428,2.27E-07,TRUE,0.334832043
K06142: outer membrane protein,UC vs CD,-1.83930417,2.29E-07,TRUE,0.339665768
K02066: phospholipid/cholesterol/gamma-HCH transport system permease protein,UC vs CD,-1.778807651,2.52E-07,TRUE,0.331118417
K00873: pyruvate kinase ,UC vs CD,-1.613983647,2.67E-07,TRUE,0.298317708
K09817: zinc transport system ATP-binding protein ,UC vs CD,-1.792677029,2.75E-07,TRUE,0.334669934
"K03892: ArsR family transcriptional regulator, arsenate/arsenite/antimonite-responsive transcriptional repressor",UC vs CD,-1.956331937,2.96E-07,TRUE,0.366153143
K07462: single-stranded-DNA-specific exonuclease ,UC vs CD,-1.847559579,3.02E-07,TRUE,0.346026425
K01776: glutamate racemase ,UC vs CD,-1.702584057,3.04E-07,TRUE,0.318953176
K02342: DNA polymerase III subunit epsilon ,UC vs CD,1.677016236,3.17E-07,TRUE,0.31174711
K01278: dipeptidyl-peptidase 4 ,UC vs CD,-1.883442698,3.20E-07,TRUE,0.350247942
K06969: 23S rRNA (cytosine1962-C5)-methyltransferase ,UC vs CD,-1.525345682,3.23E-07,TRUE,0.286326387
K01972: DNA ligase (NAD+) ,UC vs CD,-1.804046017,4.15E-07,TRUE,0.338437399
K00351: Na+-transporting NADH:ubiquinone oxidoreductase subunit F ,UC vs CD,-1.827997468,4.25E-07,TRUE,0.34321066
"K04761: LysR family transcriptional regulator, hydrogen peroxide-inducible genes activator",UC vs CD,-1.818113523,4.35E-07,TRUE,0.344810955
K11720: lipopolysaccharide export system permease protein,UC vs CD,-1.750197668,4.44E-07,TRUE,0.332155762
K09181: acetyltransferase,UC vs CD,-1.786753356,4.95E-07,TRUE,0.337223662
K06518: holin-like protein,UC vs CD,-1.849642233,5.63E-07,TRUE,0.350647864
K01879: glycyl-tRNA synthetase beta chain ,UC vs CD,-1.750592918,5.92E-07,TRUE,0.335622185
K01914: aspartate--ammonia ligase ,UC vs CD,1.73648444,6.06E-07,TRUE,0.33004245
"K03585: membrane fusion protein, multidrug efflux system",UC vs CD,-1.721180146,6.11E-07,TRUE,0.327217574
K00058: D-3-phosphoglycerate dehydrogenase / 2-oxoglutarate reductase ,UC vs CD,-1.614398807,6.40E-07,TRUE,0.307415059
K02622: topoisomerase IV subunit B ,UC vs CD,-1.778015464,7.32E-07,TRUE,0.340189017
K07014: uncharacterized protein,UC vs CD,-1.650243531,7.49E-07,TRUE,0.315992461
K01104: protein-tyrosine phosphatase ,UC vs CD,-1.662349543,8.83E-07,TRUE,0.323322015
K03631: DNA repair protein RecN (Recombination protein N),UC vs CD,-1.591011415,9.31E-07,TRUE,0.310040585
K02503: histidine triad (HIT) family protein,UC vs CD,-1.756373659,9.67E-07,TRUE,0.339403074
K09760: DNA recombination protein RmuC,UC vs CD,-1.720374279,1.03E-06,TRUE,0.33318142
K05847: osmoprotectant transport system ATP-binding protein ,UC vs CD,-1.618420467,1.26E-06,TRUE,0.315738695
"K03296: hydrophobic/amphiphilic exporter-1 (mainly G- bacteria), HAE1 family",UC vs CD,1.6840395,1.31E-06,TRUE,0.329089836
K09015: Fe-S cluster assembly protein SufD,UC vs CD,-1.778127707,1.37E-06,TRUE,0.348009225
K01935: dethiobiotin synthetase ,UC vs CD,-1.807772119,1.39E-06,TRUE,0.354003061
K01643: citrate lyase subunit alpha / citrate CoA-transferase ,UC vs CD,-1.687234966,1.39E-06,TRUE,0.333758408
K03654: ATP-dependent DNA helicase RecQ ,UC vs CD,-1.793292416,1.42E-06,TRUE,0.351466684
K00760: hypoxanthine phosphoribosyltransferase ,UC vs CD,-1.559189881,1.45E-06,TRUE,0.308756625
K00346: Na+-transporting NADH:ubiquinone oxidoreductase subunit A ,UC vs CD,1.649574238,1.47E-06,TRUE,0.323727645
K01840: phosphomannomutase ,UC vs CD,-1.668817649,1.85E-06,TRUE,0.330273357
K09458: 3-oxoacyl-[acyl-carrier-protein] synthase II ,UC vs CD,-1.75925435,2.02E-06,TRUE,0.35301257
K03705: heat-inducible transcriptional repressor,UC vs CD,-1.717467821,2.27E-06,TRUE,0.342582117
K01277: dipeptidyl-peptidase III ,UC vs CD,-1.634155223,2.35E-06,TRUE,0.329848349
"K06113: arabinan endo-1,5-alpha-L-arabinosidase ",UC vs CD,-1.629497804,2.37E-06,TRUE,0.325707695
K03811: nicotinamide mononucleotide transporter,UC vs CD,-1.779345056,2.54E-06,TRUE,0.360254142
K00425: cytochrome bd ubiquinol oxidase subunit I ,UC vs CD,-1.797590884,2.57E-06,TRUE,0.360292092
K18475: lysine-N-methylase ,UC vs CD,-1.749010242,2.64E-06,TRUE,0.350930995
K02038: phosphate transport system permease protein,UC vs CD,-1.659956478,2.90E-06,TRUE,0.334264171
K21449: trimeric autotransporter adhesin,UC vs CD,-1.968740962,2.93E-06,TRUE,0.396623977
"K08224: MFS transporter, YNFM family, putative membrane transport protein",UC vs CD,-1.673814199,2.96E-06,TRUE,0.337342283
K05520: protease I ,UC vs CD,-1.754360674,3.10E-06,TRUE,0.354205095
K00757: uridine phosphorylase ,UC vs CD,-1.68352759,3.27E-06,TRUE,0.340642781
K00347: Na+-transporting NADH:ubiquinone oxidoreductase subunit B ,UC vs CD,-1.722360126,3.29E-06,TRUE,0.352322326
K00548: 5-methyltetrahydrofolate--homocysteine methyltransferase ,UC vs CD,-1.595498201,3.64E-06,TRUE,0.324192104
K03561: biopolymer transport protein ExbB,UC vs CD,-1.687532429,3.98E-06,TRUE,0.347874662
K04488: nitrogen fixation protein NifU and related proteins,UC vs CD,-1.636857683,4.08E-06,TRUE,0.335129606
K22132: tRNA threonylcarbamoyladenosine dehydratase,UC vs CD,1.394815097,4.11E-06,TRUE,0.284793512
K09808: lipoprotein-releasing system permease protein,UC vs CD,-1.721802147,4.49E-06,TRUE,0.352805033
K09859: uncharacterized protein,UC vs CD,-1.542421725,4.73E-06,TRUE,0.316712865
K01077: alkaline phosphatase ,UC vs CD,-1.564476675,4.90E-06,TRUE,0.321709498
K07259: serine-type D-Ala-D-Ala carboxypeptidase/endopeptidase (penicillin-binding protein 4) ,UC vs CD,-1.727077317,4.96E-06,TRUE,0.359269319
"K01711: GDPmannose 4,6-dehydratase ",UC vs CD,1.537774924,4.96E-06,TRUE,0.316375165
"K07053: 3',5'-nucleoside bisphosphate phosphatase ",UC vs CD,-1.602691927,4.97E-06,TRUE,0.333421419
K03116: sec-independent protein translocase protein TatA,UC vs CD,1.637257609,5.16E-06,TRUE,0.337374027
K00853: L-ribulokinase ,UC vs CD,-1.524786042,5.30E-06,TRUE,0.314561457
K00782: L-lactate dehydrogenase complex protein LldG,UC vs CD,1.638802226,5.76E-06,TRUE,0.343044456
K00764: amidophosphoribosyltransferase ,UC vs CD,-1.552076701,5.93E-06,TRUE,0.321672454
K03495: tRNA uridine 5-carboxymethylaminomethyl modification enzyme,UC vs CD,-1.416196687,7.01E-06,TRUE,0.298938344
K02770: fructose PTS system EIIBC or EIIC component ,UC vs CD,-1.630553364,7.17E-06,TRUE,0.340604029
K00655: 1-acyl-sn-glycerol-3-phosphate acyltransferase ,UC vs CD,-1.496922267,7.21E-06,TRUE,0.312769922
K01066: acetyl esterase ,UC vs CD,-1.727111652,7.56E-06,TRUE,0.361583035
K11751: 5'-nucleotidase / UDP-sugar diphosphatase ,UC vs CD,-1.624466863,7.71E-06,TRUE,0.340365131
"K11527: two-component system, sensor histidine kinase and response regulator ",UC vs CD,-1.491155944,7.93E-06,TRUE,0.316429101
K01750: ornithine cyclodeaminase ,UC vs CD,-1.520900642,8.33E-06,TRUE,0.319715191
K11069: spermidine/putrescine transport system substrate-binding protein,UC vs CD,-1.494516525,8.75E-06,TRUE,0.318494351
"K03305: proton-dependent oligopeptide transporter, POT family",UC vs CD,-1.803069372,9.31E-06,TRUE,0.38083178
K09125: uncharacterized protein,UC vs CD,-1.693962639,9.63E-06,TRUE,0.358306105
K02558: UDP-N-acetylmuramate L-alanyl-gamma-D-glutamyl-meso-diaminopimelate ligase ,UC vs CD,-1.701675821,9.70E-06,TRUE,0.360047852
K09762: uncharacterized protein,UC vs CD,-1.574176036,1.13E-05,TRUE,0.339329452
K01997: branched-chain amino acid transport system permease protein,UC vs CD,-1.653366641,1.16E-05,TRUE,0.352562507
K01205: alpha-N-acetylglucosaminidase ,UC vs CD,1.730484391,1.22E-05,TRUE,0.374180405
"K08156: MFS transporter, DHA1 family, arabinose polymer utilization protein",UC vs CD,-1.598940443,1.26E-05,TRUE,0.342195354
K13747: carboxynorspermidine decarboxylase ,UC vs CD,1.391407988,1.26E-05,TRUE,0.301384347
K00971: mannose-1-phosphate guanylyltransferase ,UC vs CD,1.487347843,1.31E-05,TRUE,0.322742875
K03553: recombination protein RecA,UC vs CD,-1.317144121,1.36E-05,TRUE,0.282827571
K03744: LemA protein,UC vs CD,-1.694458695,1.38E-05,TRUE,0.364133253
K01652: acetolactate synthase I/II/III large subunit ,UC vs CD,-1.445952033,1.39E-05,TRUE,0.310818346
K09710: ribosome-associated protein,UC vs CD,-1.719022352,1.40E-05,TRUE,0.369568523
K01911: O-succinylbenzoic acid---CoA ligase ,UC vs CD,-1.621595343,1.44E-05,TRUE,0.349102034
K00882: 1-phosphofructokinase ,UC vs CD,-1.685565357,1.47E-05,TRUE,0.363175033
K03150: 2-iminoacetate synthase ,UC vs CD,-1.404926493,1.49E-05,TRUE,0.302864387
K02527: 3-deoxy-D-manno-octulosonic-acid transferase ,UC vs CD,-1.579303886,1.67E-05,TRUE,0.342214787
K01998: branched-chain amino acid transport system permease protein,UC vs CD,-1.644716488,1.68E-05,TRUE,0.356509818
K03387: NADH-dependent peroxiredoxin subunit F ,UC vs CD,-1.535780329,1.69E-05,TRUE,0.333002448
K06013: STE24 endopeptidase ,UC vs CD,-1.42503397,1.70E-05,TRUE,0.309087329
K03574: 8-oxo-dGTP diphosphatase ,UC vs CD,-1.482586012,1.73E-05,TRUE,0.321835648
K03270: 3-deoxy-D-manno-octulosonate 8-phosphate phosphatase (KDO 8-P phosphatase) ,UC vs CD,-1.659953481,1.74E-05,TRUE,0.364889703
K00963: UTP--glucose-1-phosphate uridylyltransferase ,UC vs CD,-1.762092447,1.76E-05,TRUE,0.382734139
K01897: long-chain acyl-CoA synthetase ,UC vs CD,-1.42512026,1.77E-05,TRUE,0.313454009
K01284: peptidyl-dipeptidase Dcp ,UC vs CD,-1.609490669,1.77E-05,TRUE,0.354070486
K00342: NADH-quinone oxidoreductase subunit M ,UC vs CD,-1.637655401,1.83E-05,TRUE,0.360782726
K02988: small subunit ribosomal protein S5,UC vs CD,1.383136217,1.84E-05,TRUE,0.301082728
K03665: GTPase,UC vs CD,-1.391976897,1.91E-05,TRUE,0.307291629
K02426: cysteine desulfuration protein SufE,UC vs CD,-1.68387063,1.92E-05,TRUE,0.371830149
K00812: aspartate aminotransferase ,UC vs CD,-1.716568783,1.99E-05,TRUE,0.3796486
K01241: AMP nucleosidase ,UC vs CD,-1.581870922,2.02E-05,TRUE,0.345796059
K08364: periplasmic mercuric ion binding protein,UC vs CD,-1.418285527,2.05E-05,TRUE,0.310257587
K04069: pyruvate formate lyase activating enzyme ,UC vs CD,-1.663447028,2.12E-05,TRUE,0.364378795
K01890: phenylalanyl-tRNA synthetase beta chain ,UC vs CD,-1.559047708,2.16E-05,TRUE,0.341835783
K00937: polyphosphate kinase ,UC vs CD,-1.611635208,2.17E-05,TRUE,0.353420758
K14540: ribosome biogenesis GTPase A,UC vs CD,-1.535132776,2.17E-05,TRUE,0.340934814
K01953: asparagine synthase (glutamine-hydrolysing) ,UC vs CD,1.285026743,2.29E-05,TRUE,0.28252534
K02396: flagellar hook-associated protein 1 FlgK,UC vs CD,-1.514050024,2.36E-05,TRUE,0.333315772
K02566: NagD protein,UC vs CD,-1.654816912,2.38E-05,TRUE,0.364444255
K01995: branched-chain amino acid transport system ATP-binding protein,UC vs CD,-1.502242218,2.43E-05,TRUE,0.331175763
K07742: uncharacterized protein,UC vs CD,-1.750415938,2.43E-05,TRUE,0.385919248
"K03312: glutamate:Na+ symporter, ESS family",UC vs CD,-1.549644054,2.55E-05,TRUE,0.342379568
K03734: FAD:protein FMN transferase ,UC vs CD,-1.411783662,2.55E-05,TRUE,0.311931512
K02824: uracil permease,UC vs CD,-1.693273611,2.57E-05,TRUE,0.374286791
K01715: enoyl-CoA hydratase ,UC vs CD,-1.537717187,2.62E-05,TRUE,0.344589622
K06409: stage V sporulation protein B,UC vs CD,-1.563839821,2.77E-05,TRUE,0.346865366
K01089: imidazoleglycerol-phosphate dehydratase / histidinol-phosphatase ,UC vs CD,-1.573769555,2.83E-05,TRUE,0.349409929
K06218: mRNA interferase RelE/StbE,UC vs CD,-1.675712424,2.88E-05,TRUE,0.37240517
K00355: NAD(P)H dehydrogenase (quinone) ,UC vs CD,-1.466148672,2.96E-05,TRUE,0.326219423
K03789: [ribosomal protein S18]-alanine N-acetyltransferase ,UC vs CD,-1.520740144,3.01E-05,TRUE,0.338639806
K11753: riboflavin kinase / FMN adenylyltransferase ,UC vs CD,-1.672113992,3.03E-05,TRUE,0.372450383
K07792: anaerobic C4-dicarboxylate transporter DcuB,UC vs CD,1.507367148,3.08E-05,TRUE,0.340389879
"K03281: chloride channel protein, CIC family",UC vs CD,1.365863975,3.43E-05,TRUE,0.306039583
K02338: DNA polymerase III subunit beta ,UC vs CD,-1.589421321,3.44E-05,TRUE,0.356189891
K07478: putative ATPase,UC vs CD,-1.304083805,3.57E-05,TRUE,0.296098861
K02073: D-methionine transport system substrate-binding protein,UC vs CD,-1.586632221,3.69E-05,TRUE,0.356786667
K01818: L-fucose/D-arabinose isomerase ,UC vs CD,1.530437665,3.90E-05,TRUE,0.345055516
K09704: uncharacterized protein,UC vs CD,-1.543697599,3.93E-05,TRUE,0.352814194
K05896: segregation and condensation protein A,UC vs CD,-1.585803303,3.98E-05,TRUE,0.357916901
K00033: 6-phosphogluconate dehydrogenase ,UC vs CD,-1.41852693,3.99E-05,TRUE,0.320193187
K00773: queuine tRNA-ribosyltransferase ,UC vs CD,-1.216843226,4.02E-05,TRUE,0.274753658
K01739: cystathionine gamma-synthase ,UC vs CD,-1.478263169,4.08E-05,TRUE,0.334041656
K01893: asparaginyl-tRNA synthetase ,UC vs CD,1.355717229,4.19E-05,TRUE,0.306759657
K15554: sulfonate transport system permease protein,UC vs CD,-1.503371404,4.21E-05,TRUE,0.344788445
K03602: exodeoxyribonuclease VII small subunit ,UC vs CD,-1.465618984,4.43E-05,TRUE,0.336985129
K22230: scyllo-inositol 2-dehydrogenase (NADP+) ,UC vs CD,-1.401719344,4.47E-05,TRUE,0.318172943
"K11065: thiol peroxidase, atypical 2-Cys peroxiredoxin ",UC vs CD,1.36861359,4.54E-05,TRUE,0.310893875
K02557: chemotaxis protein MotB,UC vs CD,-1.498516286,4.74E-05,TRUE,0.341124692
K01923: phosphoribosylaminoimidazole-succinocarboxamide synthase ,UC vs CD,-1.227228039,4.91E-05,TRUE,0.283671307
K09815: zinc transport system substrate-binding protein,UC vs CD,-1.462019496,4.99E-05,TRUE,0.333665453
K01934: 5-formyltetrahydrofolate cyclo-ligase ,UC vs CD,-1.488714981,5.00E-05,TRUE,0.344406474
K01925: UDP-N-acetylmuramoylalanine--D-glutamate ligase ,UC vs CD,-1.230348376,5.33E-05,TRUE,0.285567175
K01996: branched-chain amino acid transport system ATP-binding protein,UC vs CD,-1.389032265,5.39E-05,TRUE,0.318229617
K01069: hydroxyacylglutathione hydrolase ,UC vs CD,-1.343290515,5.40E-05,TRUE,0.312009017
K01960: pyruvate carboxylase subunit B ,UC vs CD,-1.442138783,5.47E-05,TRUE,0.335194595
K07010: putative glutamine amidotransferase,UC vs CD,-1.766204427,6.07E-05,TRUE,0.407066842
K03076: preprotein translocase subunit SecY,UC vs CD,-1.373231994,6.73E-05,TRUE,0.322633592
K01058: phospholipase A1/A2 ,UC vs CD,-1.538977912,6.87E-05,TRUE,0.361964621
K03799: heat shock protein HtpX ,UC vs CD,-1.686471994,6.92E-05,TRUE,0.391289303
K04763: integrase/recombinase XerD,UC vs CD,-1.328084855,6.96E-05,TRUE,0.308226552
K19091: CRISPR-associated endoribonuclease Cas6 ,UC vs CD,-1.396549678,7.93E-05,TRUE,0.326320119
K03110: fused signal recognition particle receptor,UC vs CD,-1.27926586,7.98E-05,TRUE,0.303267608
K18122: 4-hydroxybutyrate CoA-transferase ,UC vs CD,-1.332080258,7.98E-05,TRUE,0.311339927
K07588: LAO/AO transport system kinase ,UC vs CD,-1.542941086,8.11E-05,TRUE,0.366111938
K03154: sulfur carrier protein,UC vs CD,-1.629398301,8.48E-05,TRUE,0.382043798
K01580: glutamate decarboxylase ,UC vs CD,-1.372043947,8.58E-05,TRUE,0.326534783
K03410: chemotaxis protein CheC,UC vs CD,-1.427923844,8.59E-05,TRUE,0.339862276
K00172: pyruvate ferredoxin oxidoreductase gamma subunit ,UC vs CD,1.406451,9.11E-05,TRUE,0.335807156
K19116: CRISPR-associated protein Cas5h,UC vs CD,-1.33951241,9.14E-05,TRUE,0.315314424
K06180: 23S rRNA pseudouridine1911/1915/1917 synthase ,UC vs CD,-1.283002285,9.17E-05,TRUE,0.306440752
K01585: arginine decarboxylase ,UC vs CD,-1.574139217,9.21E-05,TRUE,0.370706324
K07160: 5-oxoprolinase (ATP-hydrolysing) subunit A ,UC vs CD,-1.589117254,9.64E-05,TRUE,0.375126137
K02601: transcription termination/antitermination protein NusG,UC vs CD,-1.310857411,9.74E-05,TRUE,0.314122881
K03073: preprotein translocase subunit SecE,UC vs CD,-1.675468712,0.000101983,TRUE,0.396702886
K05366: penicillin-binding protein 1A ,UC vs CD,-1.417941975,0.000107446,TRUE,0.336666198
K00014: shikimate dehydrogenase ,UC vs CD,-1.416087071,0.000114099,TRUE,0.342316015
K00382: dihydrolipoamide dehydrogenase ,UC vs CD,-1.409013739,0.000116802,TRUE,0.34104958
K09767: cyclic-di-GMP-binding protein,UC vs CD,-1.448115839,0.000117564,TRUE,0.345501427
K04485: DNA repair protein RadA/Sms,UC vs CD,-1.29337984,0.000118258,TRUE,0.313276525
K03500: 16S rRNA (cytosine967-C5)-methyltransferase ,UC vs CD,-1.533854073,0.000118564,TRUE,0.366125232
K02377: GDP-L-fucose synthase ,UC vs CD,-1.380305814,0.00011941,TRUE,0.329600783
K03801: lipoyl(octanoyl) transferase ,UC vs CD,1.326642588,0.000119711,TRUE,0.321552091
K11070: spermidine/putrescine transport system permease protein,UC vs CD,-1.367054699,0.000122662,TRUE,0.32691316
K03092: RNA polymerase sigma-54 factor,UC vs CD,-1.369988296,0.000127711,TRUE,0.328335355
K02768: fructose PTS system EIIA component ,UC vs CD,-1.468693964,0.000128217,TRUE,0.35206736
K07221: phosphate-selective porin OprO and OprP,UC vs CD,-1.485722585,0.000129982,TRUE,0.356415586
K03595: GTPase,UC vs CD,-1.344051462,0.000131223,TRUE,0.327452505
K02039: phosphate transport system protein,UC vs CD,-1.408560734,0.000140823,TRUE,0.344541654
K02440: glycerol uptake facilitator protein,UC vs CD,-1.40754432,0.000142349,TRUE,0.344503805
K06925: tRNA threonylcarbamoyladenosine biosynthesis protein TsaE,UC vs CD,-1.444319372,0.000147908,TRUE,0.348956767
K06207: GTP-binding protein,UC vs CD,-1.18749344,0.00015133,TRUE,0.291660681
K03780: L(+)-tartrate dehydratase beta subunit ,UC vs CD,-1.435739328,0.000152204,TRUE,0.352748719
K03547: DNA repair protein SbcD/Mre11,UC vs CD,-1.343813022,0.000155006,TRUE,0.325520658
K00088: IMP dehydrogenase ,UC vs CD,-1.118365977,0.000160838,TRUE,0.275644617
"K03466: DNA segregation ATPase FtsK/SpoIIIE, S-DNA-T family",UC vs CD,-1.327683067,0.000161775,TRUE,0.327344607
K06879: 7-cyano-7-deazaguanine reductase ,UC vs CD,-1.471564661,0.000161914,TRUE,0.357335822
K11071: spermidine/putrescine transport system permease protein,UC vs CD,-1.433745543,0.000168151,TRUE,0.348891087
"K03286: OmpA-OmpF porin, OOP family",UC vs CD,-1.489520668,0.000173431,TRUE,0.368727127
K00031: isocitrate dehydrogenase ,UC vs CD,-1.211628442,0.000175798,TRUE,0.300171886
K11145: ribonuclease III family protein ,UC vs CD,-1.448740272,0.000180695,TRUE,0.359489388
K01267: aspartyl aminopeptidase ,UC vs CD,-1.420732065,0.000180821,TRUE,0.347144258
K02233: adenosylcobinamide-GDP ribazoletransferase ,UC vs CD,-1.316384229,0.000183452,TRUE,0.326935498
K12140: hydrogenase-4 component E ,UC vs CD,-1.468010095,0.000183484,TRUE,0.364596815
K01653: acetolactate synthase I/III small subunit ,UC vs CD,-1.41759138,0.000184252,TRUE,0.350923033
K13652: AraC family transcriptional regulator,UC vs CD,-1.279069076,0.00018559,TRUE,0.317883298
K03616: Na+-translocating ferredoxin:NAD+ oxidoreductase subunit B ,UC vs CD,1.232943768,0.000187608,TRUE,0.301890337
"K18221: tetracycline 11a-monooxygenase, tetracycline resistance protein ",UC vs CD,-2.002549194,0.000187632,TRUE,0.498006453
"K06901: putative MFS transporter, AGZA family, xanthine/uracil permease",UC vs CD,-1.477229545,0.000196678,TRUE,0.362679364
K01297: muramoyltetrapeptide carboxypeptidase ,UC vs CD,-1.302663824,0.000205242,TRUE,0.320603149
K05592: ATP-dependent RNA helicase DeaD ,UC vs CD,-1.31789211,0.000206962,TRUE,0.32450653
K02316: DNA primase ,UC vs CD,-1.337601662,0.000208246,TRUE,0.329476833
K09862: uncharacterized protein,UC vs CD,-1.470225396,0.000209305,TRUE,0.367987777
K02015: iron complex transport system permease protein,UC vs CD,-1.206893548,0.000216904,TRUE,0.297979781
K03695: ATP-dependent Clp protease ATP-binding subunit ClpB,UC vs CD,-1.345542588,0.000220313,TRUE,0.337808682
K01478: arginine deiminase ,UC vs CD,-1.315774934,0.000222273,TRUE,0.325322229
K04757: serine/threonine-protein kinase RsbW ,UC vs CD,-1.27090429,0.000224149,TRUE,0.319399126
K21571: starch-binding outer membrane protein SusE/F,UC vs CD,1.550913324,0.000227532,TRUE,0.38398015
K18332: NADP-reducing hydrogenase subunit HndD ,UC vs CD,1.434837127,0.000234105,TRUE,0.355830643
K00176: 2-oxoglutarate ferredoxin oxidoreductase subunit delta ,UC vs CD,-1.566623174,0.000234408,TRUE,0.394775069
K01142: exodeoxyribonuclease III ,UC vs CD,-1.202801499,0.000256157,TRUE,0.304723149
"K08222: MFS transporter, YQGE family, putative transporter",UC vs CD,1.544516834,0.000261796,TRUE,0.391812813
K01640: hydroxymethylglutaryl-CoA lyase ,UC vs CD,-1.329774104,0.000270133,TRUE,0.337982011
K00052: 3-isopropylmalate dehydrogenase ,UC vs CD,-1.27658944,0.000274815,TRUE,0.324805216
K06907: uncharacterized protein,UC vs CD,-1.38873447,0.00027504,TRUE,0.353356177
K19055: Ala-tRNA(Pro) deacylase ,UC vs CD,-1.39180404,0.00029118,TRUE,0.349628738
K03284: magnesium transporter,UC vs CD,-1.237545434,0.000296595,TRUE,0.316350248
K01905: acetate---CoA ligase (ADP-forming) subunit alpha ,UC vs CD,1.314502424,0.000307901,TRUE,0.33131635
K04066: primosomal protein N' (replication factor Y) (superfamily II helicase) ,UC vs CD,-1.310559312,0.000308361,TRUE,0.335821791
K01611: S-adenosylmethionine decarboxylase ,UC vs CD,-1.373543714,0.000310838,TRUE,0.346395188
K00859: dephospho-CoA kinase ,UC vs CD,-1.176694717,0.000321121,TRUE,0.297334326
K07862: serine/threonine transporter,UC vs CD,-1.441769357,0.000331596,TRUE,0.365023043
K00029: malate dehydrogenase (oxaloacetate-decarboxylating)(NADP+) ,UC vs CD,-1.357583471,0.000333666,TRUE,0.349584697
K02994: small subunit ribosomal protein S8,UC vs CD,1.141135304,0.000335102,TRUE,0.293927177
K01681: aconitate hydratase ,UC vs CD,-1.300984661,0.000340181,TRUE,0.335416337
K01304: pyroglutamyl-peptidase ,UC vs CD,-1.43439139,0.00034033,TRUE,0.36372858
"K03311: branched-chain amino acid:cation transporter, LIVCS family",UC vs CD,-1.38300188,0.000342645,TRUE,0.356723311
K02071: D-methionine transport system ATP-binding protein,UC vs CD,-1.434997391,0.000343342,TRUE,0.364077265
K03571: rod shape-determining protein MreD,UC vs CD,-1.306142457,0.000346393,TRUE,0.337128979
K00640: serine O-acetyltransferase ,UC vs CD,-1.32984379,0.000350114,TRUE,0.337800122
K02335: DNA polymerase I ,UC vs CD,-1.240248193,0.000350164,TRUE,0.320339114
K09816: zinc transport system permease protein,UC vs CD,1.276979618,0.000350761,TRUE,0.3298617
K01615: glutaconyl-CoA decarboxylase subunit alpha ,UC vs CD,-1.371852928,0.000351923,TRUE,0.348580644
K07089: uncharacterized protein,UC vs CD,-1.331361659,0.000383512,TRUE,0.340079992
K03786: 3-dehydroquinate dehydratase II ,UC vs CD,-1.38338293,0.000388646,TRUE,0.359676408
K13016: UDP-N-acetyl-2-amino-2-deoxyglucuronate dehydrogenase ,UC vs CD,-1.249365857,0.000403367,TRUE,0.325604633
K03783: purine-nucleoside phosphorylase ,UC vs CD,-1.336255698,0.000403867,TRUE,0.348277167
K08963: methylthioribose-1-phosphate isomerase ,UC vs CD,1.308388372,0.000418015,TRUE,0.341768213
K01438: acetylornithine deacetylase ,UC vs CD,-1.315478906,0.000420612,TRUE,0.337951238
K15515: sulfoacetaldehyde dehydrogenase ,UC vs CD,-1.259178171,0.000432402,TRUE,0.329631779
K00554: tRNA (guanine37-N1)-methyltransferase ,UC vs CD,-1.098684851,0.000438037,TRUE,0.287858062
K02401: flagellar biosynthetic protein FlhB,UC vs CD,-1.279255949,0.000447096,TRUE,0.33561272
K19956: L-sorbose 1-phosphate reductase ,UC vs CD,-1.483967635,0.000447641,TRUE,0.382724353
K03617: Na+-translocating ferredoxin:NAD+ oxidoreductase subunit A,UC vs CD,-1.213347458,0.000464688,TRUE,0.319120999
K01129: dGTPase ,UC vs CD,-1.209149087,0.000480999,TRUE,0.318733829
K04773: protease IV ,UC vs CD,-1.360289457,0.000494324,TRUE,0.359217415
K01737: 6-pyruvoyltetrahydropterin/6-carboxytetrahydropterin synthase ,UC vs CD,-1.4323764,0.000495989,TRUE,0.371819221
K03781: catalase ,UC vs CD,1.239547826,0.000500259,TRUE,0.321939805
K07005: uncharacterized protein,UC vs CD,-1.394167885,0.000506952,TRUE,0.362404784
K07148: uncharacterized protein,UC vs CD,1.260018725,0.000507404,TRUE,0.333310328
K17836: beta-lactamase class A ,UC vs CD,-1.423585613,0.000513407,TRUE,0.370350391
K20904: (R)-2-hydroxyglutaryl-CoA dehydratase subunit beta ,UC vs CD,-1.348768951,0.000519138,TRUE,0.351135391
K07484: transposase,UC vs CD,-1.399967237,0.000548186,TRUE,0.372230123
K16092: vitamin B12 transporter,UC vs CD,-1.393566924,0.000555706,TRUE,0.364385929
K01126: glycerophosphoryl diester phosphodiesterase ,UC vs CD,-1.349241199,0.000557306,TRUE,0.359137073
"K11085: ATP-binding cassette, subfamily B, bacterial MsbA ",UC vs CD,1.162245028,0.000558018,TRUE,0.303981854
K04749: anti-sigma B factor antagonist,UC vs CD,-1.195419256,0.000578828,TRUE,0.313398946
K07082: UPF0755 protein,UC vs CD,-1.1656409,0.000606469,TRUE,0.306519125
K16363: UDP-3-O-[3-hydroxymyristoyl] N-acetylglucosamine deacetylase / 3-hydroxyacyl-[acyl-carrier-protein] dehydratase ,UC vs CD,1.206028763,0.000617524,TRUE,0.317513299
K03385: nitrite reductase (cytochrome c-552) ,UC vs CD,1.171037028,0.000630402,TRUE,0.30871708
K07271: lipopolysaccharide cholinephosphotransferase ,UC vs CD,-1.399067827,0.000635282,TRUE,0.375691099
K09761: 16S rRNA (uracil1498-N3)-methyltransferase ,UC vs CD,-1.191066614,0.000637389,TRUE,0.31422414
K14155: cysteine-S-conjugate beta-lyase ,UC vs CD,-1.088368123,0.000678019,TRUE,0.293556582
K03340: diaminopimelate dehydrogenase ,UC vs CD,1.208436248,0.000694743,TRUE,0.320621235
"K02446: fructose-1,6-bisphosphatase II ",UC vs CD,-1.376431996,0.000703973,TRUE,0.37221012
K03742: nicotinamide-nucleotide amidase ,UC vs CD,-1.3409273,0.000706907,TRUE,0.362712622
"K09773: [pyruvate, water dikinase]-phosphate phosphotransferase / [pyruvate, water dikinase] kinase ",UC vs CD,-1.34961685,0.000711749,TRUE,0.365234414
K07138: uncharacterized protein,UC vs CD,-1.273197564,0.000757361,TRUE,0.346034435
K03072: preprotein translocase subunit SecD,UC vs CD,-1.34801745,0.000770565,TRUE,0.366808943
K15553: sulfonate transport system substrate-binding protein,UC vs CD,-1.322491331,0.000780504,TRUE,0.36018385
K03190: urease accessory protein,UC vs CD,-1.283160555,0.000783518,TRUE,0.34319016
K02420: flagellar biosynthetic protein FliQ,UC vs CD,-1.214849366,0.000795401,TRUE,0.33130345
K15771: arabinogalactan oligomer / maltooligosaccharide transport system permease protein,UC vs CD,-1.191038716,0.000798625,TRUE,0.324901697
K02000: glycine betaine/proline transport system ATP-binding protein ,UC vs CD,-1.31578654,0.000805391,TRUE,0.359143029
K09952: CRISPR-associated endonuclease Csn1 ,UC vs CD,-1.277716447,0.000831179,TRUE,0.343098925
K13566: omega-amidase ,UC vs CD,-1.406406724,0.000837642,TRUE,0.377853817
K02011: iron(III) transport system permease protein,UC vs CD,-1.331862041,0.000840356,TRUE,0.357904736
K02769: fructose PTS system EIIB component ,UC vs CD,-1.303854383,0.000850539,TRUE,0.350665047
K03498: trk system potassium uptake protein,UC vs CD,-1.20729286,0.000861521,TRUE,0.331091733
K03563: carbon storage regulator,UC vs CD,-1.300441806,0.000861823,TRUE,0.356645998
K07277: outer membrane protein insertion porin family,UC vs CD,-1.438164381,0.000880799,TRUE,0.387709058
K03823: phosphinothricin acetyltransferase ,UC vs CD,-1.233900189,0.000880952,TRUE,0.338921944
K02012: iron(III) transport system substrate-binding protein,UC vs CD,-1.346217661,0.000888272,TRUE,0.36313099
K01868: threonyl-tRNA synthetase ,UC vs CD,-1.038325739,0.000891542,TRUE,0.285443754
K02314: replicative DNA helicase ,UC vs CD,-1.287250725,0.00089241,TRUE,0.347335483
K07263: zinc protease ,UC vs CD,-1.338517566,0.000942628,TRUE,0.362528009
K03046: DNA-directed RNA polymerase subunit beta' ,UC vs CD,-1.125353133,0.000948148,TRUE,0.310725669
"K18349: two-component system, OmpR family, response regulator VanR",UC vs CD,1.238506302,0.000955918,TRUE,0.342168313
K01745: histidine ammonia-lyase ,UC vs CD,-1.250877252,0.000958733,TRUE,0.345658781
K04748: nitric oxide reductase NorQ protein,UC vs CD,-1.17171703,0.000969534,TRUE,0.317968028
K07386: putative endopeptidase ,UC vs CD,-1.180585659,0.000973001,TRUE,0.335564183
"K01633: 7,8-dihydroneopterin aldolase/epimerase/oxygenase ",UC vs CD,-1.365278893,0.000985204,TRUE,0.378008728
"K08177: MFS transporter, OFA family, oxalate/formate antiporter",UC vs CD,-1.298312424,0.001002454,TRUE,0.359916227
K03040: DNA-directed RNA polymerase subunit alpha ,UC vs CD,1.04786095,0.001016231,TRUE,0.290772155
K07464: CRISPR-associated exonuclease Cas4 ,UC vs CD,1.642122157,0.001028521,TRUE,0.456069772
K03614: Na+-translocating ferredoxin:NAD+ oxidoreductase subunit D ,UC vs CD,-1.165750017,0.001094972,TRUE,0.325239237
K18672: diadenylate cyclase ,UC vs CD,-1.297097561,0.001101423,TRUE,0.362039562
K03523: biotin transport system substrate-specific component,UC vs CD,-1.282290316,0.001108104,TRUE,0.358064481
K00528: ferredoxin/flavodoxin---NADP+ reductase ,UC vs CD,-1.161532629,0.001132373,TRUE,0.31863999
K11189: NO_NAME,UC vs CD,-1.066086221,0.001144238,TRUE,0.298391204
K07315: phosphoserine phosphatase RsbU/P ,UC vs CD,-1.188727401,0.001147193,TRUE,0.326399786
K08299: crotonobetainyl-CoA hydratase ,UC vs CD,-1.205652292,0.001222716,TRUE,0.33254832
K00525: ribonucleoside-diphosphate reductase alpha chain ,UC vs CD,-1.311934055,0.001232063,TRUE,0.369207845
K18331: NADP-reducing hydrogenase subunit HndC ,UC vs CD,-1.144559312,0.001293913,TRUE,0.323278846
K07035: uncharacterized protein,UC vs CD,-1.310143427,0.001304418,TRUE,0.363046661
K02068: putative ABC transport system ATP-binding protein,UC vs CD,-1.240161441,0.001325705,TRUE,0.35091687
K22477: N-acetylglutamate synthase ,UC vs CD,1.109673016,0.001341661,TRUE,0.308119622
K13292: phosphatidylglycerol---prolipoprotein diacylglyceryl transferase ,UC vs CD,-1.077301213,0.001499227,TRUE,0.307675806
K00297: methylenetetrahydrofolate reductase (NADPH) ,UC vs CD,-0.980537916,0.001506341,TRUE,0.280141269
K00872: homoserine kinase ,UC vs CD,-1.302591453,0.001551295,TRUE,0.37298861
K00571: site-specific DNA-methyltransferase (adenine-specific) ,UC vs CD,1.164154943,0.001553402,TRUE,0.333382827
K19139: CRISPR-associated protein Csm4,UC vs CD,-1.160471866,0.001586257,TRUE,0.332861365
"K03455: monovalent cation:H+ antiporter-2, CPA2 family",UC vs CD,-1.260491798,0.001591439,TRUE,0.361640865
K13019: UDP-GlcNAc3NAcA epimerase ,UC vs CD,-1.041097487,0.001603502,TRUE,0.298868925
K02010: iron(III) transport system ATP-binding protein ,UC vs CD,-1.226588559,0.001686489,TRUE,0.353491005
"K01961: acetyl-CoA carboxylase, biotin carboxylase subunit ",UC vs CD,-1.236238853,0.00168683,TRUE,0.349073571
K00748: lipid-A-disaccharide synthase ,UC vs CD,-1.206804826,0.001722684,TRUE,0.341297471
"K03451: betaine/carnitine transporter, BCCT family",UC vs CD,1.10872686,0.001723833,TRUE,0.320067423
"K21557: HTH-type transcriptional regulator, polysaccharide utilization system transcription regulator",UC vs CD,1.187877351,0.001771387,TRUE,0.343643462
K00681: gamma-glutamyltranspeptidase / glutathione hydrolase ,UC vs CD,-1.284135231,0.001789114,TRUE,0.371778814
K02340: DNA polymerase III subunit delta ,UC vs CD,-1.211079325,0.001814131,TRUE,0.351008642
K01937: CTP synthase ,UC vs CD,1.061974032,0.001834724,TRUE,0.301761322
K07075: uncharacterized protein,UC vs CD,1.219771657,0.001874901,TRUE,0.354442683
K01620: threonine aldolase ,UC vs CD,-1.139065261,0.001885388,TRUE,0.331136159
K02001: glycine betaine/proline transport system permease protein,UC vs CD,-1.228681083,0.001889187,TRUE,0.357244851
K07741: anti-repressor protein,UC vs CD,-1.151084501,0.001918432,TRUE,0.335088631
K07091: lipopolysaccharide export system permease protein,UC vs CD,-1.275225069,0.001982619,TRUE,0.37219417
K06178: 23S rRNA pseudouridine2605 synthase ,UC vs CD,-1.197513975,0.00198266,TRUE,0.349513552
K03723: transcription-repair coupling factor (superfamily II helicase) ,UC vs CD,-1.080547983,0.001983369,TRUE,0.315384094
K12941: aminobenzoyl-glutamate utilization protein B,UC vs CD,-1.291001537,0.002089602,TRUE,0.370488417
K07393: glutathionyl-hydroquinone reductase ,UC vs CD,-1.256839229,0.002098029,TRUE,0.368483923
K07334: toxin HigB-1,UC vs CD,-1.247335545,0.0021007,TRUE,0.35810296
K01808: ribose 5-phosphate isomerase B ,UC vs CD,-1.046584057,0.002104173,TRUE,0.301849117
K03148: sulfur carrier protein ThiS adenylyltransferase ,UC vs CD,-1.244673794,0.002139759,TRUE,0.365493074
K02405: RNA polymerase sigma factor for flagellar operon FliA,UC vs CD,-1.219428381,0.002265873,TRUE,0.352144709
K12132: eukaryotic-like serine/threonine-protein kinase ,UC vs CD,-1.203780958,0.002273086,TRUE,0.35521025
K00941: hydroxymethylpyrimidine/phosphomethylpyrimidine kinase ,UC vs CD,-1.041408521,0.002330955,TRUE,0.307924508
K02407: flagellar hook-associated protein 2,UC vs CD,-1.078379704,0.002387495,TRUE,0.319478635
K08325: NADP-dependent alcohol dehydrogenase ,UC vs CD,-1.215400578,0.002404505,TRUE,0.360280731
K03976: Cys-tRNA(Pro)/Cys-tRNA(Cys) deacylase ,UC vs CD,-1.106251452,0.00242165,TRUE,0.328115998
K05985: ribonuclease M5 ,UC vs CD,-1.22125983,0.002462378,TRUE,0.36272222
K01719: uroporphyrinogen-III synthase ,UC vs CD,-1.176356167,0.002480719,TRUE,0.342122091
K01251: adenosylhomocysteinase ,UC vs CD,1.172444541,0.002547761,TRUE,0.341702653
K13038: phosphopantothenoylcysteine decarboxylase / phosphopantothenate---cysteine ligase ,UC vs CD,-1.240475362,0.002572263,TRUE,0.369753651
"K01676: fumarate hydratase, class I ",UC vs CD,-1.221860294,0.002665951,TRUE,0.365283954
K03657: DNA helicase II / ATP-dependent DNA helicase PcrA ,UC vs CD,-1.030619224,0.002745982,TRUE,0.308869381
K06919: putative DNA primase/helicase,UC vs CD,1.179246898,0.002796525,TRUE,0.36537317
"K00595: precorrin-6Y C5,15-methyltransferase (decarboxylating) ",UC vs CD,0.992002345,0.002835429,TRUE,0.291589001
K22278: peptidoglycan-N-acetylglucosamine deacetylase ,UC vs CD,-1.195281225,0.002880381,TRUE,0.359651474
K02499: tetrapyrrole methylase family protein / MazG family protein,UC vs CD,-1.163200757,0.002908719,TRUE,0.342614021
K03526: (E)-4-hydroxy-3-methylbut-2-enyl-diphosphate synthase ,UC vs CD,-0.922326038,0.002931913,TRUE,0.27390385
K08309: soluble lytic murein transglycosylase ,UC vs CD,-1.267241886,0.002975602,TRUE,0.373944811
K02517: Kdo2-lipid IVA lauroyltransferase/acyltransferase ,UC vs CD,-1.214246864,0.00299774,TRUE,0.358521842
K13043: N-succinyl-L-ornithine transcarbamylase ,UC vs CD,1.057521364,0.002999728,TRUE,0.312263408
K03074: preprotein translocase subunit SecF,UC vs CD,-1.175931029,0.003034549,TRUE,0.347552356
K04518: prephenate dehydratase ,UC vs CD,-1.138336286,0.003047865,TRUE,0.344152962
K00057: glycerol-3-phosphate dehydrogenase (NAD(P)+) ,UC vs CD,-1.05035092,0.003079565,TRUE,0.31783094
K02108: F-type H+-transporting ATPase subunit a,UC vs CD,-0.994593625,0.00323788,TRUE,0.302246531
K04654: hydrogenase expression/formation protein HypD,UC vs CD,1.124049982,0.003253724,TRUE,0.334114385
K12574: ribonuclease J ,UC vs CD,-1.201107267,0.003270005,TRUE,0.357165279
K02471: vitamin B12/bleomycin/antimicrobial peptide transport system ATP-binding/permease protein,UC vs CD,-1.185239277,0.003280271,TRUE,0.360582913
K15532: unsaturated rhamnogalacturonyl hydrolase ,UC vs CD,-1.217445608,0.003280408,TRUE,0.370382313
K02669: twitching motility protein PilT,UC vs CD,-1.116570053,0.003385499,TRUE,0.340614305
K15986: manganese-dependent inorganic pyrophosphatase ,UC vs CD,-1.111555588,0.003401934,TRUE,0.339226108
K03077: L-ribulose-5-phosphate 4-epimerase ,UC vs CD,-1.210107199,0.00343406,TRUE,0.361295964
K02523: octaprenyl-diphosphate synthase ,UC vs CD,-1.198223418,0.003443717,TRUE,0.36606077
"K23004: L-galactono-1,5-lactonase ",UC vs CD,1.246884185,0.003564632,TRUE,0.373430523
K01163: uncharacterized protein,UC vs CD,-1.079570022,0.003666125,TRUE,0.331607941
"K03763: DNA polymerase III subunit alpha, Gram-positive type ",UC vs CD,-1.157780596,0.003694027,TRUE,0.347777794
K02341: DNA polymerase III subunit delta' ,UC vs CD,-1.090958218,0.003734137,TRUE,0.328001941
K05813: sn-glycerol 3-phosphate transport system substrate-binding protein,UC vs CD,-1.109684796,0.00374021,TRUE,0.333677622
K01533: P-type Cu2+ transporter ,UC vs CD,-1.093344605,0.003865016,TRUE,0.348892189
K00656: formate C-acetyltransferase ,UC vs CD,-1.113029753,0.003908038,TRUE,0.33592136
K19166: mRNA interferase HigB ,UC vs CD,-1.24638193,0.003951882,TRUE,0.376522815
K01661: naphthoate synthase ,UC vs CD,-1.252182988,0.003961663,TRUE,0.37835436
K19158: toxin YoeB ,UC vs CD,-1.496115662,0.004067013,TRUE,0.463771288
K09903: uridylate kinase ,UC vs CD,-1.063533058,0.004151725,TRUE,0.330282347
K11749: regulator of sigma E protease ,UC vs CD,-0.997284433,0.004197138,TRUE,0.310009071
K02421: flagellar biosynthetic protein FliR,UC vs CD,-1.157685658,0.004347662,TRUE,0.35258378
K00053: ketol-acid reductoisomerase ,UC vs CD,0.902027352,0.00453868,TRUE,0.282374285
K03043: DNA-directed RNA polymerase subunit beta ,UC vs CD,-1.048155286,0.004601686,TRUE,0.328528256
K03483: mannitol operon transcriptional antiterminator,UC vs CD,-1.055738605,0.004613901,TRUE,0.330984608
K01950: NAD+ synthase (glutamine-hydrolysing) ,UC vs CD,-1.041777262,0.004671464,TRUE,0.326975108
K01756: adenylosuccinate lyase ,UC vs CD,-1.017713654,0.004681344,TRUE,0.31193972
K02049: NitT/TauT family transport system ATP-binding protein,UC vs CD,1.08081125,0.004718339,TRUE,0.331506552
K03770: peptidyl-prolyl cis-trans isomerase D ,UC vs CD,-1.084598759,0.004794629,TRUE,0.341222311
"K02081: DeoR family transcriptional regulator, aga operon transcriptional repressor",UC vs CD,-1.148372895,0.004860234,TRUE,0.361734696
K02387: flagellar basal-body rod protein FlgB,UC vs CD,-1.174461207,0.004914714,TRUE,0.361515166
K15527: cysteate synthase ,UC vs CD,-1.04181434,0.00492457,TRUE,0.320740923
K03587: cell division protein FtsI (penicillin-binding protein 3) ,UC vs CD,-1.141747471,0.005104081,TRUE,0.361267509
K15977: putative oxidoreductase,UC vs CD,-1.19908263,0.005110481,TRUE,0.379453123
K00826: branched-chain amino acid aminotransferase ,UC vs CD,-0.92565924,0.005155124,TRUE,0.293162683
K03442: small conductance mechanosensitive channel,UC vs CD,-1.071446662,0.005218717,TRUE,0.339719357
K06959: protein Tex,UC vs CD,-1.06658328,0.005292453,TRUE,0.338617199
K21993: formate transporter,UC vs CD,-1.144260586,0.00531367,TRUE,0.363412959
K07150: uncharacterized protein,UC vs CD,-1.193969159,0.005422653,TRUE,0.379916752
K07533: foldase protein PrsA ,UC vs CD,1.010093511,0.005441143,TRUE,0.321510128
K19309: bacitracin transport system ATP-binding protein,UC vs CD,1.080275817,0.005470286,TRUE,0.344020283
K00012: UDPglucose 6-dehydrogenase ,UC vs CD,1.01685688,0.005770576,TRUE,0.325450145
K01858: myo-inositol-1-phosphate synthase ,UC vs CD,-0.96946584,0.005786019,TRUE,0.310360518
K06346: spoIIIJ-associated protein,UC vs CD,-1.078752729,0.005836156,TRUE,0.337161643
K00128: aldehyde dehydrogenase (NAD+) ,UC vs CD,-1.056302169,0.005838495,TRUE,0.338447886
K00287: dihydrofolate reductase ,UC vs CD,-1.087436357,0.005908084,TRUE,0.348813682
K03218: 23S rRNA (guanosine2251-2'-O)-methyltransferase ,UC vs CD,-0.921098381,0.005943391,TRUE,0.295624533
K02963: small subunit ribosomal protein S18,UC vs CD,-0.985125406,0.005994151,TRUE,0.308642182
K00962: polyribonucleotide nucleotidyltransferase ,UC vs CD,-0.979655369,0.00602769,TRUE,0.314838204
K06213: magnesium transporter,UC vs CD,-1.054747291,0.006050032,TRUE,0.339090037
K00344: NADPH:quinone reductase ,UC vs CD,-1.112215116,0.006055781,TRUE,0.357597577
K01787: N-acylglucosamine 2-epimerase ,UC vs CD,1.176385838,0.006228918,TRUE,0.379246023
"K03299: gluconate:H+ symporter, GntP family",UC vs CD,-1.020935602,0.006265625,TRUE,0.329316322
K00981: phosphatidate cytidylyltransferase ,UC vs CD,-1.108009226,0.006352264,TRUE,0.348978783
K07391: magnesium chelatase family protein,UC vs CD,-0.996744708,0.006702222,TRUE,0.31548442
"K03315: Na+:H+ antiporter, NhaC family",UC vs CD,-0.976369382,0.00675806,TRUE,0.317241059
K02041: phosphonate transport system ATP-binding protein ,UC vs CD,-1.00273619,0.006840261,TRUE,0.326190209
K01195: beta-glucuronidase ,UC vs CD,-0.98357045,0.006921836,TRUE,0.320324303
K01735: 3-dehydroquinate synthase ,UC vs CD,0.910242534,0.006955303,TRUE,0.296582383
K05946: N-acetylglucosaminyldiphosphoundecaprenol N-acetyl-beta-D-mannosaminyltransferase ,UC vs CD,-1.093595139,0.007013956,TRUE,0.34759921
K03752: molybdenum cofactor guanylyltransferase ,UC vs CD,-0.965000453,0.007040702,TRUE,0.314798168
K00943: dTMP kinase ,UC vs CD,-0.908095987,0.007124603,TRUE,0.307865194
K00016: L-lactate dehydrogenase ,UC vs CD,-1.112993893,0.007169851,TRUE,0.363721373
"K03524: BirA family transcriptional regulator, biotin operon repressor / biotin---[acetyl-CoA-carboxylase] ligase ",UC vs CD,-0.908024449,0.007199981,TRUE,0.296860147
K15770: arabinogalactan oligomer / maltooligosaccharide transport system substrate-binding protein,UC vs CD,-1.034847014,0.007218991,TRUE,0.351321323
K09002: CRISPR-associated protein Csm3,UC vs CD,-1.100585114,0.007405861,TRUE,0.360811501
K07584: uncharacterized protein,UC vs CD,-1.176977179,0.007476214,TRUE,0.376340765
K03101: signal peptidase II ,UC vs CD,-0.948665136,0.007585361,TRUE,0.311742417
K03628: transcription termination factor Rho,UC vs CD,-1.077011781,0.007654576,TRUE,0.354236918
K03615: Na+-translocating ferredoxin:NAD+ oxidoreductase subunit C ,UC vs CD,-1.028917582,0.007732892,TRUE,0.338760091
K07507: putative Mg2+ transporter-C (MgtC) family protein,UC vs CD,-0.979342957,0.007918616,TRUE,0.314852192
K02046: sulfate/thiosulfate transport system permease protein,UC vs CD,-1.100869971,0.00805121,TRUE,0.354481604
"K03328: polysaccharide transporter, PST family",UC vs CD,-0.963537537,0.008070826,TRUE,0.310332299
"K03437: RNA methyltransferase, TrmH family",UC vs CD,-0.936448401,0.008203552,TRUE,0.310138572
K00432: glutathione peroxidase ,UC vs CD,-1.116724907,0.00825264,TRUE,0.37006517
K01243: adenosylhomocysteine nucleosidase ,UC vs CD,-1.013690687,0.00826642,TRUE,0.327232656
K15580: oligopeptide transport system substrate-binding protein,UC vs CD,-1.046490212,0.008491651,TRUE,0.347788973
K16053: miniconductance mechanosensitive channel,UC vs CD,-1.079142944,0.008529078,TRUE,0.358800088
K00384: thioredoxin reductase (NADPH) ,UC vs CD,-0.857120688,0.008717404,TRUE,0.285611707
K00806: undecaprenyl diphosphate synthase ,UC vs CD,-0.82734165,0.008759233,TRUE,0.268568194
K07322: regulator of cell morphogenesis and NO signaling,UC vs CD,-1.131050524,0.008760689,TRUE,0.377080782
K16213: cellobiose epimerase ,UC vs CD,-1.150055951,0.008939018,TRUE,0.384203992
"K03273: D-glycero-D-manno-heptose 1,7-bisphosphate phosphatase ",UC vs CD,-0.990022785,0.008980718,TRUE,0.344072484
K00942: guanylate kinase ,UC vs CD,-0.823395518,0.009312367,TRUE,0.276229505
K01187: alpha-glucosidase ,UC vs CD,0.914815882,0.009367071,TRUE,0.307083688
K09457: 7-cyano-7-deazaguanine reductase ,UC vs CD,0.946063828,0.009447017,TRUE,0.317850884
K19140: CRISPR-associated protein Csm5,UC vs CD,-0.997510669,0.009570091,TRUE,0.33558332
K00949: thiamine pyrophosphokinase ,UC vs CD,-1.043451769,0.009584043,TRUE,0.351091685
K19138: CRISPR-associated protein Csm2,UC vs CD,-1.107680176,0.009591182,TRUE,0.372731381
K01749: hydroxymethylbilane synthase ,UC vs CD,-1.098047632,0.009627429,TRUE,0.359743114
K07080: uncharacterized protein,UC vs CD,-1.158772384,0.009698647,TRUE,0.390373386
K01208: cyclomaltodextrinase / maltogenic alpha-amylase / neopullulanase ,UC vs CD,0.981795729,0.009769608,TRUE,0.344405461
K00265: glutamate synthase (NADPH) large chain ,UC vs CD,-1.069679061,0.009779279,TRUE,0.350989463
K06217: phosphate starvation-inducible protein PhoH and related proteins,UC vs CD,-0.847516853,0.009808576,TRUE,0.285849711
K01295: glutamate carboxypeptidase ,UC vs CD,-1.203567299,0.0099589,TRUE,0.395632315
K01915: glutamine synthetase ,UC vs CD,0.885880707,0.009974251,TRUE,0.291247909
K03733: integrase/recombinase XerC,UC vs CD,-0.963019729,0.009975212,TRUE,0.325375592
K00978: glucose-1-phosphate cytidylyltransferase ,UC vs CD,1.084734113,0.010037191,TRUE,0.356846469
K00946: thiamine-monophosphate kinase ,UC vs CD,-1.050432012,0.01011649,TRUE,0.355430257
K03581: exodeoxyribonuclease V alpha subunit ,UC vs CD,-1.073974555,0.010254474,TRUE,0.354058906
K06967: tRNA (adenine22-N1)-methyltransferase ,UC vs CD,-1.098755681,0.010373452,TRUE,0.372758368
"K07783: MFS transporter, OPA family, sugar phosphate sensor protein UhpC",UC vs CD,-1.065868971,0.010466034,TRUE,0.376801297
K17758: ADP-dependent NAD(P)H-hydrate dehydratase ,UC vs CD,-0.908483173,0.010608916,TRUE,0.308935484
K07106: N-acetylmuramic acid 6-phosphate etherase ,UC vs CD,-0.966164819,0.010660686,TRUE,0.328719105
K09812: cell division transport system ATP-binding protein,UC vs CD,-0.977924874,0.010794908,TRUE,0.333160022
K02122: V/A-type H+/Na+-transporting ATPase subunit F,UC vs CD,-1.129280409,0.010805803,TRUE,0.374245639
K03075: preprotein translocase subunit SecG,UC vs CD,-1.002058393,0.010816765,TRUE,0.341454853
K17759: NAD(P)H-hydrate epimerase ,UC vs CD,-0.90622598,0.010859766,TRUE,0.308929259
K00074: 3-hydroxybutyryl-CoA dehydrogenase ,UC vs CD,-1.074854644,0.011200186,TRUE,0.361394257
K01026: propionate CoA-transferase ,UC vs CD,0.973686052,0.011306152,TRUE,0.333349761
K04486: histidinol-phosphatase (PHP family) ,UC vs CD,-1.016911439,0.011419327,TRUE,0.348518777
K03743: nicotinamide-nucleotide amidase ,UC vs CD,-1.096816705,0.011571375,TRUE,0.366011026
K00600: glycine hydroxymethyltransferase ,UC vs CD,0.823512572,0.011640317,TRUE,0.282816412
K00547: homocysteine S-methyltransferase ,UC vs CD,-0.989130106,0.011658228,TRUE,0.346815118
K03210: preprotein translocase subunit YajC,UC vs CD,-1.096891479,0.011674539,TRUE,0.366366945
K18330: NADP-reducing hydrogenase subunit HndA ,UC vs CD,1.072707274,0.011833004,TRUE,0.358782546
K17234: arabinosaccharide transport system substrate-binding protein,UC vs CD,-0.899432333,0.011851707,TRUE,0.309487321
K00027: malate dehydrogenase (oxaloacetate-decarboxylating) ,UC vs CD,-1.090160906,0.012115864,TRUE,0.365503222
K00046: gluconate 5-dehydrogenase ,UC vs CD,-1.008233319,0.012173066,TRUE,0.347928231
K06382: stage II sporulation protein E ,UC vs CD,0.889883255,0.012238707,TRUE,0.320300775
K18707: threonylcarbamoyladenosine tRNA methylthiotransferase MtaB ,UC vs CD,-1.029048155,0.012354769,TRUE,0.355681937
K11991: tRNA(adenine34) deaminase ,UC vs CD,0.798229838,0.012433005,TRUE,0.268338529
K03408: purine-binding chemotaxis protein CheW,UC vs CD,-1.034380639,0.012636001,TRUE,0.348306805
K03106: signal recognition particle subunit SRP54 ,UC vs CD,-0.870477515,0.012987645,TRUE,0.302517648
K03797: carboxyl-terminal processing protease ,UC vs CD,0.811919092,0.013022028,TRUE,0.274252263
K02621: topoisomerase IV subunit A ,UC vs CD,-0.96372769,0.013265582,TRUE,0.350192628
K01209: alpha-L-arabinofuranosidase ,UC vs CD,-0.916591155,0.013285706,TRUE,0.319338899
K08307: membrane-bound lytic murein transglycosylase D ,UC vs CD,-1.033536706,0.013615083,TRUE,0.361057652
K00702: cellobiose phosphorylase ,UC vs CD,-1.017027598,0.013782542,TRUE,0.355772071
"K08159: MFS transporter, DHA1 family, L-arabinose/isopropyl-beta-D-thiogalactopyranoside export protein",UC vs CD,-1.070145724,0.014530678,TRUE,0.365667815
K00341: NADH-quinone oxidoreductase subunit L ,UC vs CD,-1.045954709,0.014782982,TRUE,0.368768491
K06923: uncharacterized protein,UC vs CD,-1.018498747,0.014946871,TRUE,0.359534978
K02016: iron complex transport system substrate-binding protein,UC vs CD,-0.855321406,0.014958834,TRUE,0.293168593
K01783: ribulose-phosphate 3-epimerase ,UC vs CD,-0.81604883,0.015042757,TRUE,0.288277267
K01480: agmatinase ,UC vs CD,-0.913599353,0.015265174,TRUE,0.337658397
K11529: glycerate 2-kinase ,UC vs CD,-1.015443621,0.015319828,TRUE,0.3594574
"K03711: Fur family transcriptional regulator, ferric uptake regulator",UC vs CD,-1.068682697,0.015527843,TRUE,0.367770078
K02051: NitT/TauT family transport system substrate-binding protein,UC vs CD,0.910661924,0.015799868,TRUE,0.33800361
K11754: dihydrofolate synthase / folylpolyglutamate synthase ,UC vs CD,-0.786582966,0.015945858,TRUE,0.279716034
K11755: phosphoribosyl-AMP cyclohydrolase / phosphoribosyl-ATP pyrophosphohydrolase ,UC vs CD,-0.826424832,0.015974784,TRUE,0.285273759
K02014: iron complex outermembrane recepter protein,UC vs CD,-1.073673888,0.01601056,TRUE,0.381985125
K03590: cell division protein FtsA,UC vs CD,0.873629336,0.016257777,TRUE,0.311361064
K00997: holo-[acyl-carrier protein] synthase ,UC vs CD,-1.106037671,0.016275323,TRUE,0.382566228
K02413: flagellar FliJ protein,UC vs CD,-1.055854443,0.016294453,TRUE,0.365255044
K03271: D-sedoheptulose 7-phosphate isomerase ,UC vs CD,-1.069852622,0.016533474,TRUE,0.382033337
K10119: raffinose/stachyose/melibiose transport system permease protein,UC vs CD,-0.996871399,0.016548771,TRUE,0.356010442
K09470: gamma-glutamylputrescine synthase ,UC vs CD,-0.896677889,0.016603083,TRUE,0.320349578
"K02481: two-component system, NtrC family, response regulator",UC vs CD,-0.922239183,0.016790094,TRUE,0.329908174
"K01624: fructose-bisphosphate aldolase, class II ",UC vs CD,-0.81975597,0.01681107,TRUE,0.293289694
K03518: aerobic carbon-monoxide dehydrogenase small subunit ,UC vs CD,0.899147507,0.016934213,TRUE,0.321966031
K08297: crotonobetainyl-CoA dehydrogenase ,UC vs CD,-0.849381138,0.016987477,TRUE,0.304256432
K07079: uncharacterized protein,UC vs CD,-0.942473904,0.017118689,TRUE,0.353329452
K02044: phosphonate transport system substrate-binding protein,UC vs CD,-1.047438365,0.017140375,TRUE,0.375592708
K01308: g-D-glutamyl-meso-diaminopimelate peptidase ,UC vs CD,-0.822592838,0.017372877,TRUE,0.295429704
K00278: L-aspartate oxidase ,UC vs CD,-0.937927972,0.017470948,TRUE,0.33707275
K11752: diaminohydroxyphosphoribosylaminopyrimidine deaminase / 5-amino-6-(5-phosphoribosylamino)uracil reductase ,UC vs CD,-0.897360399,0.017556515,TRUE,0.312973921
K20534: polyisoprenyl-phosphate glycosyltransferase ,UC vs CD,-1.019160295,0.017842827,TRUE,0.367168784
K07001: NTE family protein,UC vs CD,-0.90537119,0.017856892,TRUE,0.341238741
K01685: altronate hydrolase ,UC vs CD,-0.913945203,0.0180954,TRUE,0.329806785
K00625: phosphate acetyltransferase ,UC vs CD,-0.968713411,0.018328297,TRUE,0.35009685
"K01524: exopolyphosphatase / guanosine-5'-triphosphate,3'-diphosphate pyrophosphatase ",UC vs CD,-1.068510058,0.018380835,TRUE,0.374567033
K03522: electron transfer flavoprotein alpha subunit,UC vs CD,-0.79292221,0.018432235,TRUE,0.286756323
K03152: protein deglycase ,UC vs CD,-0.852473454,0.019018721,TRUE,0.319545344
"K22010: two-component system, response regulator PdtaR",UC vs CD,-0.87357798,0.019225996,TRUE,0.31750752
K07574: RNA-binding protein,UC vs CD,-1.070914064,0.019330144,TRUE,0.377532828
K03521: electron transfer flavoprotein beta subunit,UC vs CD,-0.825344985,0.019506872,TRUE,0.30049614
K10540: methyl-galactoside transport system substrate-binding protein,UC vs CD,-0.902172435,0.019537867,TRUE,0.34398863
K11927: ATP-dependent RNA helicase RhlE ,UC vs CD,-0.98287894,0.019740348,TRUE,0.358361466
K02048: sulfate/thiosulfate transport system substrate-binding protein,UC vs CD,-1.093901693,0.019748779,TRUE,0.38657005
"K03604: LacI family transcriptional regulator, purine nucleotide synthesis repressor",UC vs CD,-0.972410517,0.020260229,TRUE,0.344634266
"K06864: pyridinium-3,5-biscarboxylic acid mononucleotide sulfurtransferase ",UC vs CD,-0.943473532,0.020536652,TRUE,0.334894861
"K01119: 2',3'-cyclic-nucleotide 2'-phosphodiesterase / 3'-nucleotidase ",UC vs CD,-0.884594373,0.020906619,TRUE,0.340290689
K01992: ABC-2 type transport system permease protein,UC vs CD,-0.736969743,0.021299807,TRUE,0.271180221
K19271: chloramphenicol O-acetyltransferase type A ,UC vs CD,-1.030585161,0.021499496,TRUE,0.379652451
K03469: ribonuclease HI ,UC vs CD,0.864409117,0.022319398,TRUE,0.311029497
K03773: FKBP-type peptidyl-prolyl cis-trans isomerase FklB ,UC vs CD,-1.021018887,0.022358972,TRUE,0.377939581
K00348: Na+-transporting NADH:ubiquinone oxidoreductase subunit C ,UC vs CD,-0.90498697,0.022983122,TRUE,0.352566099
K04759: ferrous iron transport protein B,UC vs CD,-0.916025603,0.023141004,TRUE,0.340518844
K12573: ribonuclease R ,UC vs CD,-0.856544824,0.023244799,TRUE,0.318584657
K14534: 4-hydroxybutyryl-CoA dehydratase / vinylacetyl-CoA-Delta-isomerase ,UC vs CD,-1.007007561,0.023506867,TRUE,0.363074209
K05807: outer membrane protein assembly factor BamD,UC vs CD,-1.02200748,0.024155809,TRUE,0.381954052
K02945: small subunit ribosomal protein S1,UC vs CD,-0.842082502,0.024769423,TRUE,0.315704159
K10194: oligogalacturonide transport system permease protein,UC vs CD,-0.823018846,0.025187656,TRUE,0.309209887
K03502: DNA polymerase V,UC vs CD,-0.861147329,0.02522373,TRUE,0.313082626
K20490: lantibiotic transport system ATP-binding protein,UC vs CD,0.775611682,0.025340793,TRUE,0.306225769
K02416: flagellar motor switch protein FliM,UC vs CD,-0.837938771,0.025747493,TRUE,0.315694066
K07096: uncharacterized protein,UC vs CD,0.889432344,0.025875977,TRUE,0.324353636
K05970: sialate O-acetylesterase ,UC vs CD,0.937122922,0.025966531,TRUE,0.35344254
K00821: acetylornithine/N-succinyldiaminopimelate aminotransferase ,UC vs CD,-0.791668763,0.02622884,TRUE,0.29896641
K07443: methylated-DNA-protein-cysteine methyltransferase related protein,UC vs CD,-0.99083399,0.026388314,TRUE,0.374469205
K00986: RNA-directed DNA polymerase ,UC vs CD,1.113544713,0.026579845,TRUE,0.421235289
"K00674: 2,3,4,5-tetrahydropyridine-2,6-dicarboxylate N-succinyltransferase ",UC vs CD,-0.871334129,0.026664172,TRUE,0.346466784
K09955: uncharacterized protein,UC vs CD,-0.9075269,0.027303478,TRUE,0.344488867
K02454: general secretion pathway protein E ,UC vs CD,-0.972947883,0.027622366,TRUE,0.369875886
K09766: uncharacterized protein,UC vs CD,-0.835739551,0.027642569,TRUE,0.334004211
K00339: NADH-quinone oxidoreductase subunit J ,UC vs CD,-0.998983203,0.02804134,TRUE,0.380514271
K00375: GntR family transcriptional regulator / MocR family aminotransferase,UC vs CD,-1.01339487,0.028480841,TRUE,0.386784384
K12145: hydrogenase-4 component J ,UC vs CD,-0.895332011,0.028568066,TRUE,0.330441949
K02072: D-methionine transport system permease protein,UC vs CD,-0.946790247,0.028619309,TRUE,0.361591586
K00215: 4-hydroxy-tetrahydrodipicolinate reductase ,UC vs CD,-0.896031958,0.028686504,TRUE,0.342310949
K02005: HlyD family secretion protein,UC vs CD,0.87761367,0.028827071,TRUE,0.335488478
K06958: RNase adapter protein RapZ,UC vs CD,-0.842140899,0.029122265,TRUE,0.322357095
K00796: dihydropteroate synthase ,UC vs CD,-0.979806158,0.029246427,TRUE,0.37526194
K05595: multiple antibiotic resistance protein,UC vs CD,-0.902616057,0.029341417,TRUE,0.363812019
K07139: uncharacterized protein,UC vs CD,-0.808195251,0.030553983,TRUE,0.311323299
K03529: chromosome segregation protein,UC vs CD,-0.941244745,0.030874759,TRUE,0.363077204
K07566: L-threonylcarbamoyladenylate synthase ,UC vs CD,-0.854454992,0.031259812,TRUE,0.347574353
K00767: nicotinate-nucleotide pyrophosphorylase (carboxylating) ,UC vs CD,-0.859254324,0.031441369,TRUE,0.332252614
K01788: N-acylglucosamine-6-phosphate 2-epimerase ,UC vs CD,-0.838225805,0.031726618,TRUE,0.324512192
K02587: nitrogenase molybdenum-cofactor synthesis protein NifE,UC vs CD,0.820462813,0.031907988,TRUE,0.317877494
K11175: phosphoribosylglycinamide formyltransferase 1 ,UC vs CD,-0.903654358,0.032174536,TRUE,0.350499122
K00895: diphosphate-dependent phosphofructokinase ,UC vs CD,-0.852817307,0.032631601,TRUE,0.349103779
K01051: pectinesterase ,UC vs CD,-0.994065745,0.032794081,TRUE,0.373230464
"K02548: 1,4-dihydroxy-2-naphthoate polyprenyltransferase ",UC vs CD,-0.954245443,0.032850619,TRUE,0.358357577
K10193: oligogalacturonide transport system permease protein,UC vs CD,-0.814234983,0.033239311,TRUE,0.317202711
K06603: flagellar protein FlaG,UC vs CD,-0.886736336,0.034081996,TRUE,0.346621091
K02188: cobalt-precorrin-5B (C1)-methyltransferase ,UC vs CD,-0.875817968,0.034095554,TRUE,0.34237166
K01493: dCMP deaminase ,UC vs CD,-0.797304395,0.034143255,TRUE,0.311738662
K03625: transcription antitermination protein NusB,UC vs CD,-0.798733857,0.034206479,TRUE,0.329263801
K07319: adenine-specific DNA-methyltransferase ,UC vs CD,0.924334615,0.03430889,TRUE,0.381211009
K16212: 4-O-beta-D-mannosyl-D-glucose phosphorylase ,UC vs CD,-0.982698009,0.034841169,TRUE,0.385287186
K07813: accessory gene regulator B,UC vs CD,-0.902022123,0.034990566,TRUE,0.373109405
"K11645: fructose-bisphosphate aldolase, class I ",UC vs CD,-0.928402991,0.036460894,TRUE,0.366280094
K18640: plasmid segregation protein ParM,UC vs CD,0.812942632,0.036623316,TRUE,0.33859382
K00793: riboflavin synthase ,UC vs CD,-0.934690133,0.036774839,TRUE,0.369198264
K17318: putative aldouronate transport system substrate-binding protein,UC vs CD,-0.842766977,0.038210813,TRUE,0.353306688
"K02429: MFS transporter, FHS family, L-fucose permease",UC vs CD,-0.835266424,0.038324648,TRUE,0.345309638
K01657: anthranilate synthase component I ,UC vs CD,-0.75042636,0.038415719,TRUE,0.298222603
K00849: galactokinase ,UC vs CD,-0.812302557,0.038477735,TRUE,0.340901425
K02493: release factor glutamine methyltransferase ,UC vs CD,-0.681027632,0.038962724,TRUE,0.271180649
K10773: endonuclease III ,UC vs CD,-0.694880118,0.039105579,TRUE,0.276839047
"K02445: MFS transporter, OPA family, glycerol-3-phosphate transporter",UC vs CD,-0.887288094,0.04014281,TRUE,0.354802673
K07078: uncharacterized protein,UC vs CD,0.846490593,0.04025616,TRUE,0.336906696
K02031: peptide/nickel transport system ATP-binding protein,UC vs CD,-0.852187369,0.040748282,TRUE,0.339104202
"K21903: ArsR family transcriptional regulator, lead/cadmium/zinc/bismuth-responsive transcriptional repressor",UC vs CD,-0.93875299,0.040970788,TRUE,0.37647191
K19509: fructoselysine/glucoselysine PTS system EIID component,UC vs CD,-0.73290263,0.041066289,TRUE,0.294016378
K00286: pyrroline-5-carboxylate reductase ,UC vs CD,-0.776155415,0.041494328,TRUE,0.311828855
"K08191: MFS transporter, ACS family, hexuronate transporter",UC vs CD,-0.898936872,0.041807559,TRUE,0.36154617
K04042: bifunctional UDP-N-acetylglucosamine pyrophosphorylase / Glucosamine-1-phosphate N-acetyltransferase ,UC vs CD,-0.820104443,0.043346928,TRUE,0.331559644
K01548: potassium-transporting ATPase KdpC subunit,UC vs CD,0.825546223,0.043776497,TRUE,0.334236115
K06411: dipicolinate synthase subunit B,UC vs CD,-0.736283384,0.044014599,TRUE,0.298331019
K05895: precorrin-6A/cobalt-precorrin-6A reductase ,UC vs CD,0.750702115,0.044334186,TRUE,0.322163709
"K03407: two-component system, chemotaxis family, sensor kinase CheA ",UC vs CD,-0.855357509,0.044389985,TRUE,0.34700571
K12343: 3-oxo-5-alpha-steroid 4-dehydrogenase 1 ,UC vs CD,-0.800041692,0.045867994,TRUE,0.345230065
K00045: mannitol 2-dehydrogenase ,UC vs CD,0.934552492,0.046318944,TRUE,0.381498733
"K01679: fumarate hydratase, class II ",UC vs CD,-0.871912944,0.046434991,TRUE,0.356059294
K01812: glucuronate isomerase ,UC vs CD,0.745782012,0.04656254,TRUE,0.304674711
K07404: 6-phosphogluconolactonase ,UC vs CD,-0.845678364,0.046893224,TRUE,0.345845853
K09013: Fe-S cluster assembly ATP-binding protein,UC vs CD,-0.695246869,0.046946689,TRUE,0.284373675
K03564: thioredoxin-dependent peroxiredoxin ,UC vs CD,-0.777868608,0.047181418,TRUE,0.337210924
K03465: thymidylate synthase (FAD) ,UC vs CD,0.815051909,0.047492056,TRUE,0.333946387
K10563: formamidopyrimidine-DNA glycosylase ,UC vs CD,-0.837054932,0.048595627,TRUE,0.364635225
"K13789: geranylgeranyl diphosphate synthase, type II ",UC vs CD,-0.744556759,0.048859196,TRUE,0.324631587
K00805: heptaprenyl diphosphate synthase ,UC vs CD,-0.85459548,0.049000689,TRUE,0.372787551
K04758: ferrous iron transport protein A,UC vs CD,-0.723643312,0.049399697,TRUE,0.298236204
